id,nombre,apellidos,correo_electronico,password,dia,mes,ano,genero
1,David,Kennedy,tanyalozano@yahoo.com,drakeerik,10,6,1992,M
2,Clímaco,Alegria,loreto51@yahoo.com,esterponce,28,3,1994,M
3,François,Menard,alicelemaitre@noos.fr,maillardrobert,11,12,2000,M
4,池田,あすか,shotayamamoto@hotmail.com,hashimotokazuya,16,8,1998,F
5,Lieschen,Fritsch,weinholdcaren@hotmail.de,calogerotschentscher,20,5,2024,F
6,阿部,七夏,ayamaguchi@yahoo.com,yosukeyamamoto,26,10,1991,F
7,Catherine,de Rousseau,catherine65@orange.fr,noelmenard,31,7,1992,F
8,Tomislav,Ebert-Sorgatz,lindaudursun@hotmail.de,junktobias,20,6,1937,M
9,Aimé-Zacharie,Germain,ecousin@wanadoo.fr,dribeiro,11,7,1997,M
10,Urte,Kabus B.A.,isolde03@gmail.com,idaspiess,2,2,1974,F
11,Laurenz,Trommler,polina25@aol.de,dianepaffrath,3,1,2013,M
12,Maryse,de la Goncalves,gabriel44@gmail.com,jacquotanastasie,2,12,1973,F
13,Belen,Rius Borrego,cornelio25@hotmail.com,eloisagrande,19,2,1962,F
14,Brian,Brown,davisrhonda@yahoo.com,brooke55,11,2,1966,M
15,Kimberly,Gross,isutton@yahoo.com,holmesdonna,25,10,1977,F
16,Audrey,Lévy,gerardrolland@gmail.com,audrey72,6,1,2016,F
17,Justus,Lorch,irinahenk@yahoo.de,mesutalbers,1,5,1927,M
18,山下,裕樹,lokamoto@hotmail.com,ryohei05,7,11,1984,M
19,Angelina,Carbó-Esparza,roxanaiglesias@yahoo.com,elpidiocarrera,20,2,1938,F
20,中村,治,ryosuke89@gmail.com,mikako82,27,5,2013,M
21,岡本,あすか,katokumiko@gmail.com,akemi07,5,1,1919,F
22,林,充,sfujita@yahoo.com,satoryohei,16,9,2021,M
23,Ruperta,Palacio Ríos,santiago85@yahoo.com,turtania,15,2,1937,F
24,Colette,Dos Santos,xhuet@bouygtel.fr,qaubert,1,12,1937,F
25,Reyes,Tejero,eliana93@hotmail.com,sosimotenorio,26,1,1984,F
26,Amy,Bowman,michelle74@gmail.com,hhammond,2,3,2012,F
27,Gabrielle,Pages-Breton,martinegomez@bouygtel.fr,durandanastasie,27,6,1936,F
28,Fredo,Klemt,meta96@gmx.de,rweinhage,11,9,2019,M
29,斎藤,結衣,hayashikumiko@hotmail.com,kimuramai,18,12,1989,F
30,Yves,Bruneau,sleblanc@noos.fr,christine48,16,7,1979,M
31,Agnès,Texier,odette79@live.com,dlesage,30,10,1943,F
32,山本,淳,ftakahashi@yahoo.com,yoshidamituru,21,12,2013,M
33,Fanny,Gallo Álamo,amigowilfredo@yahoo.com,socorro62,17,4,1977,F
34,Benoît,Normand,hoaraumarthe@orange.fr,noel40,14,11,1926,M
35,Édouard-Joseph,Voisin,mahelucy@club-internet.fr,franck35,13,11,1964,M
36,Anthony,Aguirre,rdaniels@hotmail.com,madison67,17,9,1957,M
37,Kara,Oconnell,wrightemily@gmail.com,ssmith,22,3,1980,F
38,George,Lutz,wdelgado@hotmail.com,mfletcher,28,6,1917,M
39,Tammy,Maddox,rmartinez@gmail.com,leonmichael,24,1,1971,F
40,佐藤,零,mikisuzuki@hotmail.com,naotoyamada,27,12,1966,M
41,Jacqueline,Perez,lucaspruvost@live.com,huguesroy,14,9,1986,F
42,Lorraine,Lemaître,pierregiraud@orange.fr,zcordier,10,7,2019,F
43,Olivier,Pelletier,jcollet@sfr.fr,xavierbrunet,21,4,1930,M
44,Prof.,Nancy Schuchhardt,adobes@gmail.com,herbert76,14,12,1911,F
45,斉藤,千代,mai21@yahoo.com,yoshidarika,9,10,1974,F
46,Amir,Gorlitz B.A.,klemtjames@googlemail.com,othmarholzapfel,4,3,2025,M
47,Rodolfo,Requena,calixtamunoz@yahoo.com,zmiguel,21,11,1924,M
48,Laurie,Sanchez,robertpruitt@hotmail.com,jwood,10,3,1970,F
49,Baldomero,Manzanares Carrión,antoniopalomares@gmail.com,hhigueras,25,6,1922,M
50,Philippe,Fischer,bigotmaggie@club-internet.fr,maggie85,6,2,1967,M
51,坂本,真綾,yutaendo@hotmail.com,hideki68,5,9,1922,F
52,Lourdes,Ramis Godoy,saritariba@gmail.com,hierroeduardo,7,5,1953,F
53,Gunter,Dobes,anke21@gmail.com,veli56,10,3,1931,M
54,加藤,篤司,nishimuramanabu@gmail.com,endohiroshi,17,5,1991,M
55,Venceslás,del Madrigal,elba02@gmail.com,baltasarcastillo,15,10,1912,M
56,佐々木,桃子,sasakikyosuke@gmail.com,akiraaoki,14,5,1936,F
57,Cora,Reichmann,portmann@googlemail.com,greuter,9,6,1997,F
58,Fernando,Báez-Reig,perlitasolano@hotmail.com,malmeida,18,6,1963,M
59,石川,春香,ryoheinakagawa@yahoo.com,satominakajima,1,2,1921,F
60,Michelle,Lefort,aubrysebastien@bouygtel.fr,greniermanon,1,10,1935,F
61,Pili,Georgina Asensio Ureña,maytetellez@hotmail.com,bellidomanola,26,4,1987,F
62,Patricia,Consuela Vergara Teruel,alballedo@yahoo.com,benetruben,6,2,1961,F
63,Sophie,Thierry,omarie@gmail.com,xavierloiseau,1,6,1964,F
64,Todd,Mccarthy,robertthomas@gmail.com,matthew81,30,8,1940,M
65,Brittney,Thompson,pmoreno@hotmail.com,myersbrian,6,2,2003,F
66,村上,七夏,ksato@yahoo.com,chasegawa,22,8,1917,F
67,Thomas,Marques,stephanieleroy@live.com,julesdelattre,7,7,1950,M
68,Beth,Cole,kshaw@yahoo.com,shane69,13,12,1937,F
69,Alfonso,Ladeck,reichmannmichelle@aol.de,bjacob,13,7,1972,M
70,Alyssa,Hall,amandacowan@hotmail.com,hollyevans,3,5,2005,F
71,Joel,Anderson,jessebryant@hotmail.com,caldwellerika,28,11,2014,M
72,Jaime,Silva,scooper@gmail.com,marconichols,21,5,1955,F
73,Thierry,Louis,laurence34@bouygtel.fr,tnicolas,5,4,1948,M
74,Nicolas,de Rocher,ndijoux@voila.fr,sophie71,1,11,1952,M
75,Veronique,Kuhl,iruppersberger@aol.de,egnatz,30,9,2002,F
76,Nerea,Cuervo,ariasaurelia@hotmail.com,arandaursula,7,9,1969,F
77,山田,明美,naokoishikawa@yahoo.com,watanabemituru,5,10,2009,F
78,岡本,裕太,tanakarika@yahoo.com,yumiko83,12,6,2018,M
79,Emmanuel,Meyer,eugenetessier@gmail.com,da-costaveronique,22,1,2013,M
80,Odette,Robert-Fischer,marie53@sfr.fr,benjamin36,29,10,2006,F
81,山口,稔,akiranakamura@hotmail.com,byamashita,4,3,1981,M
82,Danielle,Bishop,kelly92@hotmail.com,jamesevans,23,2,2003,F
83,Cesar,Zaragoza Perera,felicianacastaneda@hotmail.com,dimas60,14,2,1946,M
84,Anna,Gomez,erikgarcia@yahoo.com,ogreen,16,3,1970,F
85,Garrett,Taylor,markmeyers@gmail.com,boydjoseph,6,10,2001,M
86,石井,花子,rikayamaguchi@gmail.com,psuzuki,12,5,1939,F
87,Nancy,Robinson,stephaniejones@gmail.com,lauren70,3,9,1999,F
88,木村,香織,maayamaeda@hotmail.com,dkobayashi,1,7,1923,F
89,Hanno,Weinhage-Schaaf,igor96@yahoo.de,irmatrub,24,10,1956,M
90,Michelle,Da Costa,pblanchet@tele2.fr,michelle19,29,10,1990,F
91,Adolfo,Vergara-Canet,vendrelldomingo@gmail.com,guiomar24,20,12,1944,M
92,Nathalie,Bertin-Prévost,antoinemanon@dbmail.com,lemoinemarie,5,3,1919,F
93,Elba,Recio Anaya,xguardia@yahoo.com,eagudo,27,4,1970,F
94,Guntram,Spieß,drubintheresa@gmail.com,manswiltrud,14,11,1983,M
95,Hans-Erich,Rörricht,noackcengiz@yahoo.de,kirajaentsch,21,9,2010,M
96,José,Antonio de Raya,rvalcarcel@yahoo.com,efabra,2,11,1929,M
97,後藤,裕美子,xnakamura@gmail.com,tomoyaabe,22,8,1980,F
98,森,京助,kyosuke59@hotmail.com,sotarosato,17,8,1926,M
99,Anouk,Marchand de Lefebvre,suzannebazin@club-internet.fr,stephanieroussel,26,7,1912,F
100,Alexandria,du Roche,claireboutin@orange.fr,odettevallet,18,1,2006,F
101,山崎,篤司,suzukihiroshi@yahoo.com,taromori,25,9,1956,M
102,Joel,de Mendizábal,melisa42@gmail.com,prudencioquerol,22,1,1943,M
103,Laurent-Daniel,Leblanc,epasquier@bouygtel.fr,catherine95,24,11,2018,M
104,Dorothée,Ferrand,guillaume00@club-internet.fr,ljourdan,17,9,1979,F
105,Belen,Fuertes Bermudez,gracia98@hotmail.com,ballesterosjordan,27,11,1998,F
106,佐々木,結衣,nanami06@hotmail.com,yoshidamai,27,7,1990,F
107,Emily,Dixon,rhonda27@yahoo.com,oliveramy,25,3,1937,F
108,Ursel,Wähner MBA.,nadiaschulz@aol.de,htrubin,1,11,1976,F
109,Jacqueline,du Aubry,andree47@club-internet.fr,charlesdenise,3,6,1942,F
110,Emilia,Jerez Lopez,mvargas@hotmail.com,josuerivero,9,10,2013,F
111,Corona,Áurea Suárez Piquer,petronacompany@hotmail.com,alfredooliveras,20,10,1920,F
112,Abraham,Holzapfel,ybender@hotmail.de,almaaustermuehle,20,9,1927,M
113,Lynn,Andrews,sean06@hotmail.com,desiree91,26,9,1987,F
114,Alix,Chrétien,dominiquedupuis@sfr.fr,paulrossi,11,1,1939,F
115,小川,充,chiyo86@hotmail.com,jun40,19,1,1995,M
116,Hubert,Fröhlich,carlbeier@web.de,ohauffer,27,6,1953,M
117,Ottomar,Wiek B.A.,deliastaude@yahoo.de,korneliadippel,22,10,1977,M
118,Gracia,Escalona-Higueras,ofiol@gmail.com,bartolome42,2,6,2023,F
119,Emma,Wilms-Jacob,athanasiosgeissler@gmx.de,anne52,13,1,1927,F
120,藤原,直人,yuiyamazaki@yahoo.com,abehideki,5,12,1963,M
121,Jill,Love,zunigapatrick@yahoo.com,richard47,28,1,2004,F
122,Christophe,de la Andre,hdelahaye@wanadoo.fr,chretienandree,9,5,1929,M
123,André,Hoareau,wpruvost@tiscali.fr,isabelle88,28,4,2007,M
124,佐藤,明美,ikedamiki@hotmail.com,tsubasa68,11,2,1990,F
125,Arthur,Morvan,igilles@tiscali.fr,manon46,11,9,1924,M
126,山崎,舞,itoyuta@gmail.com,nito,11,5,1950,F
127,Riza,Wende-Gutknecht,maya78@gmail.com,reimerbolzmann,30,9,1980,M
128,Roger,Marques,ybouchet@noos.fr,henrietteperrot,5,1,2022,M
129,鈴木,春香,okimura@hotmail.com,osamu93,27,10,1981,F
130,Prof.,Henryk Kranz B.Eng.,lamberttlustek@hotmail.de,paul-gerhardjunk,18,11,1979,M
131,Constance,Le Gall,smorvan@club-internet.fr,maurice39,8,4,1963,F
132,Dr.,Ines Bien,jose35@gmx.de,nicolasetzold,19,3,1922,F
133,Fanny,Echevarría Borrego,ibanezirma@gmail.com,herrerolola,22,1,1974,F
134,Fabio,Aguilera Cisneros,gelabertisabel@gmail.com,hipolito70,7,12,1970,M
135,Frau,Mariola Krause,ndoerr@googlemail.com,lschaaf,11,5,1970,F
136,Betti,Kostolzin,tinoschweitzer@web.de,abdullahsauer,31,1,2019,F
137,Phillip,Shaw,bryanfoster@hotmail.com,collinsvincent,25,4,1925,M
138,Leonel,Nuñez Blasco,igallart@hotmail.com,jose-antoniooller,28,6,1945,M
139,Dominga,Arteaga Arranz,hugo73@gmail.com,pastorlisandro,22,6,1996,F
140,Anne,Faivre,xdumont@live.com,ahernandez,8,4,1992,F
141,Michèle,Gaillard,imbertanastasie@club-internet.fr,xavierschneider,28,2,2002,F
142,Tristan-René,Dufour,bertrandcatherine@club-internet.fr,nathaliebonneau,8,12,1957,M
143,Chus,Estevez Morcillo,iarco@yahoo.com,bsantana,29,3,1944,F
144,Dipl.-Ing.,Josefa Trupp B.Sc.,nhoerle@googlemail.com,wolf-ruedigerbeckmann,1,1,1965,F
145,Slavica,Lachmann,waehnerkarl-werner@gmail.com,moestrovsky,15,1,1986,F
146,Emmanuelle,Bodin de Henry,alfredpicard@yahoo.fr,wcollin,23,8,1918,F
147,Émile,Breton,raymondle-roux@voila.fr,lthomas,18,4,1911,M
148,Desiderio,Camps,vcarrion@hotmail.com,osvaldo06,28,5,1976,M
149,Belén,Sáenz Tello,martorellbruno@hotmail.com,abellanbenigna,26,1,1999,F
150,阿部,拓真,yasuhiro91@gmail.com,kana62,7,9,1992,M
151,Susan,Bertin,lacroixsophie@orange.fr,capucinemarie,18,4,1989,F
152,Jaroslav,Graf-Meyer,sarina49@gmail.com,olga69,14,12,1961,M
153,青木,あすか,hayashirei@yahoo.com,minoruhayashi,18,2,1942,F
154,吉田,千代,hiroshiyamada@gmail.com,kimuratsubasa,9,2,1955,F
155,Ing.,Marlene Barkholz,sorgatzkaethi@yahoo.de,janet71,17,6,1929,F
156,Dr.,Jenny Hentschel B.Sc.,roerrichtalwina@googlemail.com,alwinbaum,27,2,1950,F
157,Étienne-Grégoire,Lebreton,kweiss@noos.fr,nmasse,19,12,1998,M
158,石川,和也,yamashitamanabu@gmail.com,mwatanabe,1,7,1985,M
159,Prof.,Freddy Käster B.Sc.,bstriebitz@aol.de,nheinrich,28,11,2018,M
160,Prudencia,Cortina Mulet,heribertoribera@hotmail.com,rbelmonte,9,9,2017,F
161,Victor,Harris,randy90@gmail.com,parsonscatherine,23,1,1986,M
162,鈴木,陽子,matsumotoyasuhiro@gmail.com,yuta34,15,12,1917,F
163,Katelyn,Taylor,johnsonheather@hotmail.com,clarkstephanie,28,8,2002,F
164,鈴木,直子,maedaryosuke@gmail.com,ryosuke82,28,9,1936,F
165,藤原,太一,taichi18@gmail.com,mikakosato,28,3,1937,M
166,橋本,知実,yamamotomai@yahoo.com,oendo,12,10,1925,F
167,Álvaro,Bernal Abellán,gbarrios@hotmail.com,lvalle,9,11,1937,M
168,Cécile,Nguyen,wdidier@hotmail.fr,victordos-santos,12,6,2025,F
169,Gabriel-Benoît,Martin,guillaume84@voila.fr,gregoiregauthier,31,7,1919,M
170,Jason,Johnson,sarahking@gmail.com,jeremyortiz,11,6,1965,M
171,井上,聡太郎,sayuri10@yahoo.com,akemikato,17,2,1985,M
172,山本,陽子,ryosuke64@gmail.com,hidekiokada,23,4,1999,F
173,鈴木,さゆり,ryohei10@hotmail.com,katokyosuke,29,3,2014,F
174,岡本,美加子,ifujiwara@hotmail.com,vyamamoto,14,10,1978,F
175,Baptist,Löchel,erolring@aol.de,maria-luise30,12,5,1926,M
176,佐藤,さゆり,ogawatsubasa@gmail.com,satomi64,1,3,1964,F
177,Susan,Kline,randy43@hotmail.com,whitneyrogers,9,9,1963,F
178,近藤,春香,qinoue@yahoo.com,hanakoyamaguchi,4,11,1932,F
179,Yago,Crespi,sebastianbarroso@gmail.com,nico79,20,10,1937,M
180,Rosario,Amo,ejimenez@yahoo.com,agustiruth,20,7,1965,M
181,Courtney,Torres,ericsmith@gmail.com,richardsrachel,4,9,1952,F
182,Alain,Menard,gabrielweiss@ifrance.com,ines39,15,7,1972,M
183,Théophile,du Fischer,jean10@wanadoo.fr,margotraymond,20,12,1972,M
184,Margaret,Verdier,boulaymargaud@club-internet.fr,carlierpatrick,4,2,1936,F
185,Alexandre,Raynaud,qleconte@yahoo.fr,zacharieblot,30,6,1978,M
186,Celso,Sureda Porras,elbacoloma@hotmail.com,contrerasruben,21,1,1994,M
187,Elena,Huhn,ajunken@gmx.de,renaklingelhoefer,18,9,1966,F
188,Raquel,Escamilla Palomino,teresa61@yahoo.com,chitabermudez,8,7,1984,F
189,Christophe,Morel,pereiranicolas@bouygtel.fr,gauthierpaulette,26,12,2025,M
190,山下,明美,kanayamada@gmail.com,tomoya23,8,8,1963,F
191,岡本,真綾,fujitahanako@hotmail.com,shohei00,29,4,1936,F
192,佐藤,涼平,katoatsushi@yahoo.com,ryoheitakahashi,15,1,1935,M
193,石井,春香,yoichitanaka@gmail.com,yumikofujiwara,18,12,2002,F
194,Wolf-Dietrich,Wilms,pfroehlich@yahoo.de,luebsisidor,15,2,1998,M
195,Dr.,Andrzej Döring B.Sc.,mirjanawiek@aol.de,dowergmargareta,22,3,1957,M
196,Alfredo,Lobo-Ramírez,patriciapuente@hotmail.com,silvio30,15,6,1991,M
197,Guy,Menard,guy94@voila.fr,frederique91,11,5,1989,M
198,Porfirio,del Rebollo,pozosabina@yahoo.com,eva-mariaheredia,28,9,1999,M
199,Patrick,de Martel,marthemichel@ifrance.com,michellemarin,23,9,1968,M
200,Bradley,Chavez,robert27@gmail.com,jefferyjoseph,24,11,1965,M
201,山本,香織,tomoya43@yahoo.com,tanakamiki,13,2,1972,F
202,Miriam,de Macías,bbastida@gmail.com,mcasal,16,9,2003,F
203,Michael,Becker,nsanders@yahoo.com,obaker,21,5,1918,M
204,加藤,加奈,ksuzuki@yahoo.com,yokotanaka,12,4,1962,F
205,Anselmo,Javier Vicens Berenguer,tomasa99@gmail.com,maria-doloresferrera,22,8,1981,M
206,Arthur,du Bonnin,yruiz@sfr.fr,arnauddaniel,7,11,1930,M
207,Irma,Rubio Otero,reynaldo14@yahoo.com,parejajosue,15,11,1990,F
208,松本,花子,okadakaori@yahoo.com,kanasato,29,11,1919,F
209,David,Jackson,davidwilliams@hotmail.com,gmcdaniel,31,12,1972,M
210,山田,治,hayashiyuki@yahoo.com,nanami32,7,12,1945,M
211,Moisés,de Ferrera,planasjose-antonio@gmail.com,regueraponcio,28,6,2010,M
212,Monica,Pena,wfox@gmail.com,arielgarcia,30,1,2004,F
213,三浦,里佳,ukobayashi@hotmail.com,yuimaeda,15,1,1920,F
214,Jeffrey,Johnson,dunnjennifer@hotmail.com,rhondawebster,18,2,1966,M
215,Dionisia,Coll,santiago92@hotmail.com,arjonacayetana,12,12,2016,F
216,木村,結衣,pkobayashi@gmail.com,msuzuki,15,6,1957,F
217,Timothy,Murphy,rickhernandez@hotmail.com,uclarke,19,8,2000,M
218,Amaya,Casares Ramirez,silvio85@yahoo.com,gutierrezdimas,30,1,1947,F
219,Ina,Weihmann,henckleila@aol.de,zimmernecati,23,10,1967,F
220,Mrs.,Jackie Castro,jgonzalez@gmail.com,courtney15,7,5,1976,F
221,Barbara,Metz,rohlederrebekka@gmail.com,henckvalerij,20,9,1916,F
222,Leoncio,Rebollo,lporras@yahoo.com,lumbrerasloida,8,12,2002,M
223,Walter,Ayers,karenbrooks@yahoo.com,dsullivan,20,3,1998,M
224,Salomón,Chacón Mena,yessicaelorza@hotmail.com,priscila86,14,6,1917,M
225,Meik,Jungfer,rolf-dieter36@web.de,binneranne-katrin,14,5,1996,M
226,Eugène,Bouvet,ugay@orange.fr,tvallee,31,7,1975,M
227,Agnès,Maillot,camillejourdan@sfr.fr,emilie26,13,2,1944,F
228,山口,裕美子,sayuritakahashi@gmail.com,ishiihiroshi,10,11,1939,F
229,中村,知実,minorukondo@hotmail.com,iyamaguchi,15,5,1980,F
230,Jenna,Robinson,jamie37@hotmail.com,ddouglas,5,3,2012,F
231,小川,直樹,hsakamoto@yahoo.com,kaorisuzuki,8,5,1958,M
232,Rosenda,Gilabert-Portero,jleal@yahoo.com,soraya30,4,10,1913,F
233,Maya,Cichorius-Höfig,monicawalter@aol.de,druppersberger,10,7,1966,F
234,Henni,Heinz,marieluisescholtz@googlemail.com,eggertklemm,28,6,1999,F
235,Richard,Jäkel-Rose,upieper@googlemail.com,hjaekel,14,6,1980,M
236,松田,裕樹,fsato@hotmail.com,taroyamashita,6,4,1973,M
237,Gerard,Kambs,wilhelmvan-der-dussen@yahoo.de,fritz24,17,1,1946,M
238,渡辺,修平,matsumototaichi@hotmail.com,yamamototakuma,20,8,1928,M
239,Maite,Bárcena Ramos,romulomarco@hotmail.com,serafina33,2,9,1986,F
240,Nadin,Hübel-Täsche,kbirnbaum@web.de,leylasteuer,4,1,2021,F
241,伊藤,結衣,minoru01@gmail.com,takahashihideki,20,7,1979,F
242,Angelina,Haering,zahnleonard@googlemail.com,elzbieta34,30,3,1926,F
243,Ruperto,Andrés-Vicente,lramirez@yahoo.com,rosalia90,12,2,2017,M
244,Christopher,Miller,daviesmark@gmail.com,connie86,23,12,1983,M
245,Dipl.-Ing.,Eckhardt Häring,kpergande@gmx.de,florencescheel,20,9,1912,M
246,石川,明美,yoichiishikawa@hotmail.com,tomoyakobayashi,9,12,1972,F
247,佐藤,明美,sotaro34@yahoo.com,osamu00,6,10,1961,F
248,Emmanuelle,Besnard-Lemonnier,lucie98@orange.fr,veroniquemarty,2,5,2001,F
249,David,Lambert-Buisson,guilbertcaroline@tiscali.fr,ines28,29,1,1924,M
250,伊藤,太郎,akiraishikawa@hotmail.com,jun40,9,5,1994,M
251,Arthur,Dupuis,christiane16@dbmail.com,hgros,13,4,1999,M
252,Elisabeth,Peukert,rschuchhardt@hotmail.de,ziegertfriedhold,10,5,1934,F
253,Suzanne,Thomas,bchretien@wanadoo.fr,joseph10,9,9,1997,F
254,Alfred,Legendre-Didier,kgiraud@hotmail.fr,helene17,6,1,2019,M
255,松本,淳,sishikawa@hotmail.com,kondoyuta,6,2,1924,M
256,Ing.,Adrian Rust MBA.,rbeyer@web.de,dowergradmila,29,3,1936,M
257,Mirjam,Kade,lhenck@yahoo.de,sweihmann,20,4,1960,F
258,Frau,Priska Killer B.Eng.,janna54@hotmail.de,pieperreimund,5,11,1998,F
259,阿部,智也,yuki94@gmail.com,itotaichi,6,2,1917,M
260,Valerie,Austermühle B.Sc.,albrechtloechel@gmx.de,seipgrzegorz,18,11,2015,F
261,渡辺,結衣,ihayashi@yahoo.com,kobayashikaori,18,6,1926,F
262,Jobst,Heß,harmstaude@aol.de,magarete83,6,3,2008,M
263,Éric-Éric,Lecoq,ddos-santos@hotmail.fr,oleroy,5,11,1934,M
264,Colleen,Moses,aprilharris@gmail.com,khudson,15,7,1948,F
265,Jennifer,Bates,wardjose@yahoo.com,jaredfrazier,21,1,1956,F
266,Tamara,Berger B.Eng.,lhuhn@gmx.de,klaus-wernerkoch,24,1,1976,F
267,Steve,Rose,ebruce@yahoo.com,mark45,12,9,2006,M
268,Richard,Cousin,orey@voila.fr,julielaunay,7,5,2015,M
269,岡田,里佳,yokonakagawa@gmail.com,kanaabe,23,9,1947,F
270,Aitor,Soto Tena,ana-sofiabatalla@hotmail.com,yduque,18,1,1976,M
271,Kelli,Morris,michael35@gmail.com,zking,3,1,2005,F
272,Cécile,Klein,omeunier@orange.fr,valleebertrand,22,1,2010,F
273,Celestina,Candelaria Figueras Bustamante,clerma@hotmail.com,castejonale,17,9,2013,F
274,Berta,Söding-Striebitz,nloewer@gmx.de,schustertilman,20,4,1999,F
275,Perlita,Jordana Campillo Lobo,rafaela18@gmail.com,aitanaartigas,3,11,1969,F
276,Gerhart,Bärer-Putz,gueltenschaaf@hotmail.de,reinhardtirmengard,9,5,1938,M
277,Lisa,Moore,melissa40@hotmail.com,robert85,19,11,1915,F
278,Angel,Robinson,rzimmerman@hotmail.com,samueljackson,8,7,1957,F
279,Justin,Stone,robert05@gmail.com,thompsonmark,9,10,2022,M
280,Tanner,Bailey,anthonymata@hotmail.com,lriley,20,8,1977,M
281,Américo,Amorós-Millán,teofilorios@gmail.com,reynapombo,6,12,1968,M
282,Jeanne,Launay,henri65@hotmail.fr,denise44,4,10,1930,F
283,Rolando,Casal Almansa,salazarcristian@hotmail.com,mariano67,30,1,1929,M
284,Éric,Carre,marinlaurent@voila.fr,isabelle34,24,12,2004,M
285,Willfried,Textor,carstenpeggy@web.de,anneliesteckel,6,8,2012,M
286,Kazim,Langern,wendelinhettner@yahoo.de,tbruder,29,12,1924,M
287,加藤,さゆり,kota@yahoo.com,fujiisatomi,12,9,1942,F
288,Sonia,Izquierdo Pont,jjodar@hotmail.com,juliajosefa,14,9,2020,F
289,太田,智也,jun78@hotmail.com,lhayashi,15,1,1964,M
290,斎藤,裕樹,takahashichiyo@hotmail.com,osamusuzuki,3,6,2005,M
291,Diane,King,terri85@hotmail.com,paulbailey,26,2,1991,F
292,Wiltrud,Fischer B.Sc.,koch-iistanislaus@gmail.com,elfi10,18,8,1940,F
293,福田,裕太,matsumotonaoko@gmail.com,tsasaki,10,6,1915,M
294,Paz,Cuadrado-Aguiló,garrigaespiridion@hotmail.com,maximianoosorio,27,12,1988,F
295,Odette,de la Verdier,aimelamy@voila.fr,marianneleduc,19,1,1966,F
296,Evaristo,Casanova Esparza,lagudo@hotmail.com,eblasco,20,2,2002,M
297,Reinhard,Steuer,mmargraf@googlemail.com,jochem62,29,7,1998,M
298,Patrik,Trupp MBA.,bpreiss@web.de,ottfried14,8,9,1998,M
299,Todd,Nielsen,murphykathleen@hotmail.com,morgandylan,9,11,2017,M
300,Roland,Verdier de la Regnier,laportealix@bouygtel.fr,sabineberthelot,18,12,1951,M
301,Ronald,Conrad,tanya84@gmail.com,qwest,24,11,2010,M
302,森,陽子,sasakinaoko@gmail.com,kazuya20,5,6,1988,F
303,María,Teresa Cuervo,acamacho@gmail.com,ncampos,19,5,1918,F
304,山本,加奈,akemisato@hotmail.com,kaori36,28,8,1954,F
305,Lucio,Simó-Tejera,nebotrosenda@hotmail.com,paloma71,17,5,2000,M
306,Dr.,Halil Stey,ortwin59@gmx.de,soenkehofmann,4,8,2002,M
307,Lorraine,Meyer,gerardbourdon@gmail.com,brunelremy,23,4,1942,F
308,Astrid,Renard,rpoulain@ifrance.com,hubertmargaud,5,11,1984,F
309,吉田,七夏,harukasuzuki@yahoo.com,ryohei79,12,7,1998,F
310,Arne,Tschentscher,dwernecke@gmail.com,joseph88,31,8,2022,M
311,Philippine,Tanguy,albertemile@voila.fr,pbarbe,12,3,1964,F
312,Hans-Adolf,Junken B.A.,wkitzmann@googlemail.com,emmy74,10,4,1987,M
313,佐藤,亮介,miurayasuhiro@gmail.com,minoru08,4,5,1974,M
314,高橋,花子,rkobayashi@gmail.com,vmori,20,6,1948,F
315,Sami,Gunpf B.Sc.,lindaustephan@web.de,sstadelmann,18,9,1925,M
316,石川,稔,hiroshi76@yahoo.com,junaoki,15,7,1956,M
317,Dr.,Trude Hornig B.Sc.,hanne-lore82@gmail.com,muehlegerlind,26,1,1955,F
318,松田,聡太郎,dmatsumoto@yahoo.com,vmori,28,8,1987,M
319,Ceferino,Quirós Quero,segismundo11@hotmail.com,rosalina67,28,6,1999,M
320,Isaac,Revilla Bonilla,aguedaaguilera@gmail.com,rtamayo,6,3,2000,M
321,Cäcilie,Rogner,ackermannsusi@hotmail.de,jtintzmann,30,1,2007,F
322,山崎,治,endonaoki@hotmail.com,rika08,13,1,1955,M
323,Lucas,Masson,emmanuelle74@sfr.fr,diane07,11,1,1925,M
324,Timothy,Lopez,gsmith@yahoo.com,katherinekline,9,4,1914,M
325,Danielle-Aurélie,Rossi,paulinegerard@free.fr,erocher,8,11,1913,F
326,Camille,Perrin,adrien34@wanadoo.fr,alegendre,27,6,2022,F
327,Univ.Prof.,Eckhard Bolnbach B.Sc.,fechnerhans-helmut@aol.de,swantjeklemm,11,5,1950,M
328,Dr.,Denise Allen,oanderson@yahoo.com,christopher68,30,3,1927,F
329,Dalila,Franch Gallardo,rebecapons@gmail.com,antonreyna,9,9,2003,F
330,David,Lewis,xhill@yahoo.com,heatherfarmer,23,10,1964,M
331,Daniel,Miller,rebecca84@yahoo.com,jdean,18,8,1926,M
332,Chantal,Duval Le Legros,josettemichel@tele2.fr,moreladelaide,9,1,2021,F
333,Traudel,Loos,ihuhn@hotmail.de,julianehlert,9,4,1971,F
334,Ludwig,Holsten B.Sc.,gabrielhauffer@gmail.com,cmaelzer,23,10,1949,M
335,Cristina,Otto-Seidel,doerradolf@gmail.com,raymondheinrich,12,12,1920,F
336,田中,裕美子,naoko48@gmail.com,sayurisato,9,6,2022,F
337,佐藤,晃,asukayoshida@gmail.com,yoichi95,25,9,1945,M
338,Hortense,Pages,david06@noos.fr,juliettemartel,11,9,1941,F
339,Silke,Stoll,mansgeorgia@googlemail.com,wdavids,2,4,1958,F
340,Hans-Herbert,Wulf,eleonora75@aol.de,kristine54,10,3,1948,M
341,Pauline,Dupuis-Legros,ipierre@tiscali.fr,timothee23,16,12,1947,F
342,Jenaro,Macias Ibañez,caballerolorenza@gmail.com,munizjordana,1,10,1925,M
343,Robert,Wilson,reneeramirez@gmail.com,weissgeorge,15,6,1927,M
344,山本,さゆり,nakagawasayuri@hotmail.com,jokada,16,6,2006,F
345,Élisabeth,Hubert,augustinevrard@wanadoo.fr,josephine39,24,12,1924,F
346,Manja,Henschel,friedericke99@web.de,ferencholzapfel,5,11,1958,F
347,Gérard,Michaud-Devaux,arthur70@ifrance.com,gautieralice,19,2,1965,M
348,Scott,Escobar,mendezvickie@hotmail.com,jennifer91,15,1,2022,M
349,Tristán,Jaume Parra,javi88@hotmail.com,herbertoquiros,24,8,1915,M
350,Blanka,Caspar B.Eng.,tomas13@hotmail.de,mohauptchristof,16,3,1947,F
351,Isaac,du Philippe,camille25@ifrance.com,amaury,28,4,1939,M
352,Dana,Jäntsch,gierschnergottlob@gmx.de,elenorerudolph,27,11,1932,F
353,Macario,Alba Morán,saenzlaura@hotmail.com,arizadebora,10,4,2020,M
354,Heinz-Otto,Wiek B.Sc.,seidelmarian@web.de,wiekalex,23,6,2009,M
355,Andrée,Benoit,francoismargaret@tiscali.fr,marthedupuis,24,7,1949,F
356,井上,修平,yamadataichi@hotmail.com,satomi45,21,7,1935,M
357,Guillaume-Lucas,Jacob,zoe73@wanadoo.fr,luc63,29,12,1987,M
358,Luc,David,elisabeth07@gmail.com,llopes,21,7,1958,M
359,Iris,Krebs,leonardomeyer@aol.de,wschenk,5,7,1954,F
360,Valero,Frutos,fernandaferrandez@yahoo.com,luis30,10,7,2018,M
361,Juliana,Boix Bou,ignaciocarrasco@hotmail.com,vtejedor,27,11,1936,F
362,佐藤,明美,rika89@yahoo.com,ayamada,13,1,1983,F
363,Luce,Salmon,paulette60@hotmail.fr,agaillard,24,11,1920,F
364,Erik,Carpenter,tonyabruce@gmail.com,dramirez,22,10,1910,M
365,Dr.,Urs Süßebier,kathrinbaehr@hotmail.de,kristina51,29,9,1960,M
366,Daria,Meyer-Kranz,sophiaboucsein@hotmail.de,ernstcathrin,5,2,1922,F
367,Olivier,Delattre-Morel,adelaide65@club-internet.fr,jeannejacquet,16,12,1958,M
368,Eliseo,Cabello Pintor,anselma16@gmail.com,prudenciaalcolea,13,2,2016,M
369,Thérèse,Philippe,valleepaul@dbmail.com,ebertin,30,7,1989,F
370,Zaida,Gomila Viña,maricelamata@gmail.com,ahoyos,26,3,1994,F
371,Sabine,Payet de la Baron,perrotleon@hotmail.fr,coulonaime,22,5,2014,F
372,Capucine,Hebert,capucinepages@yahoo.fr,thomas05,11,2,1950,F
373,Dipl.-Ing.,Viola Süßebier MBA.,cfranke@googlemail.com,hendrikpaffrath,20,12,2025,F
374,Randy,Schmidt,greendavid@hotmail.com,sherry48,12,11,1914,M
375,渡辺,洋介,junaoki@yahoo.com,yuimori,19,7,2015,M
376,Leandra,de Expósito,osvaldo98@gmail.com,maura88,14,2,1966,F
377,佐藤,健一,takahashirei@yahoo.com,shotahayashi,2,6,1916,M
378,David,Love,deborah21@yahoo.com,maria66,9,6,1917,M
379,Ana,Sofía Pujol-Cerdá,paco67@hotmail.com,riusefrain,22,7,1963,F
380,Kristin,Savage PhD,lfernandez@hotmail.com,randy68,20,4,2016,F
381,斎藤,結衣,naotosuzuki@hotmail.com,satominakajima,11,11,1951,F
382,伊藤,零,nakamuramaaya@yahoo.com,qyamashita,13,4,1959,M
383,高橋,裕樹,murakaminaoko@gmail.com,kanatakahashi,25,4,2011,M
384,María,Pilar Morillo Bru,felicianocerezo@hotmail.com,oliveraeliseo,29,11,1939,F
385,Teo,Gallego Pedrosa,porcelrosalinda@yahoo.com,jporta,17,11,2023,M
386,Matthew,Thompson,kenneth41@yahoo.com,cunninghamcharles,11,10,1977,M
387,Bertrand,Peltier de la Dupuis,josettepottier@gmail.com,oceane99,18,1,2015,M
388,Edeltrud,Ring,heidelorelinke@googlemail.com,hesswolf-dieter,24,9,2008,F
389,Ditmar,Etzold,hloechel@hotmail.de,blochjoerg-peter,9,9,1996,M
390,前田,裕美子,zkato@gmail.com,osamu54,26,6,1934,F
391,Isaac,Tanguy-Pereira,margaudguichard@bouygtel.fr,honore65,21,7,1968,M
392,Shirley,Lopez,gary32@gmail.com,martinklein,7,11,2021,F
393,Veit,Schmidtke MBA.,klingelhoeferfriedemann@gmx.de,zaumann,18,7,1947,M
394,Azucena,Carvajal,ramona00@gmail.com,blancoclaudia,15,12,1980,F
395,Maxi,Solís,carbopepe@hotmail.com,ruthsanchez,26,8,2003,F
396,Christine-Victoire,Vaillant,valletgeorges@sfr.fr,mauricemonnier,23,11,1989,F
397,Fito,Viña Ugarte,samuel55@gmail.com,alvaro98,30,4,1962,M
398,Veronique,Trüb,hanne-loregirschner@hotmail.de,georgplath,21,9,1970,F
399,Pénélope,du Mahe,renaultchristine@hotmail.fr,merlenathalie,3,2,1920,F
400,Nando,Tello Barragán,coral15@gmail.com,estefania33,18,8,1911,M
401,Emmanuel,Hernandez,colinanastasie@noos.fr,gjoly,23,9,1975,M
402,James,Rodriguez,roydiane@gmail.com,ericsimpson,12,9,2004,M
403,Univ.Prof.,Paul-Gerhard Trupp B.Eng.,andreasbachmann@gmail.com,marijankiller,18,10,2015,M
404,Michael,Williams,shull@hotmail.com,brendaroberson,25,6,1912,M
405,Manon,Thibault,guillaumejoubert@wanadoo.fr,poulainjacqueline,18,2,2000,F
406,Lucila,Carretero,ascensionclavero@hotmail.com,amorescarina,25,8,1998,F
407,Yago,del Garzón,geronimocanovas@gmail.com,sol43,23,10,2018,M
408,Prof.,Hildegunde Werner,greta87@googlemail.com,aleksandermies,20,5,1966,F
409,Vincent-Philippe,Grégoire,jacqueline15@tiscali.fr,denise72,24,10,1918,M
410,Dipl.-Ing.,Hartmuth Tschentscher B.A.,qreichmann@gmx.de,woldemarkraus,3,12,1980,M
411,小川,拓真,mainakamura@hotmail.com,yoko95,19,10,1987,M
412,山田,京助,yamamotonaoki@yahoo.com,satomishimizu,25,9,1973,M
413,Monica,Collins,ryanlang@gmail.com,holmeskyle,29,11,1945,F
414,Étienne,Bazin,eriviere@laposte.net,alainpetit,28,11,1953,M
415,Jacob,Mckinney,gabriela03@yahoo.com,garzamichael,15,1,1963,M
416,Valentine,Hebert-Guichard,beckeranouk@sfr.fr,boutinanais,6,6,1966,F
417,Amador,Araujo Arnal,efrain92@gmail.com,gilalfredo,1,8,1937,M
418,佐藤,美加子,rei32@hotmail.com,tsubasasato,31,1,1969,F
419,Édith-Marguerite,Becker,adelaidesanchez@free.fr,qperrin,17,1,2016,F
420,James,Welch,perryflores@yahoo.com,deanna10,5,2,1996,M
421,Betina,Klemt,ukoester@aol.de,pkuehnert,2,1,1968,F
422,Fernanda,Fajardo Pedrosa,filomenacasanova@gmail.com,borrellvictoria,13,12,2010,F
423,坂本,充,oinoue@hotmail.com,tarosasaki,12,3,1947,M
424,Anna,de Salazar,santiagovelez@gmail.com,lorenzodaza,16,10,1958,F
425,Calvin,Murray,ufox@gmail.com,angelacannon,4,3,1928,M
426,Craig,Wallace,josedavis@hotmail.com,valenzueladorothy,5,4,2008,M
427,Kelly,Bailey,pdavis@hotmail.com,dennis80,26,7,1967,F
428,Mauricio,del España,jgibert@hotmail.com,dan76,22,4,1932,M
429,Virginie,Lopez,camuschristine@wanadoo.fr,foucherjuliette,10,12,1995,F
430,Alphonse,Hamel,julie01@orange.fr,elaunay,7,9,2022,M
431,Alexandre,Germain de la Lefebvre,renaultantoinette@dbmail.com,lelievresusan,29,9,1928,M
432,Raven,Oconnor,millertyler@yahoo.com,kennethmoore,18,5,1946,F
433,Noemí,Mena,leandracabanas@hotmail.com,rayamaria-jesus,24,2,2012,F
434,Gabrielle-Catherine,Chrétien,urocher@dbmail.com,hebertfranck,5,2,1918,F
435,David,Morgan,cfischer@hotmail.com,kevin68,22,3,2009,M
436,Laura,Mitchell,joseph22@hotmail.com,dorothy11,18,5,1940,F
437,高橋,結衣,momokosato@gmail.com,xsato,14,10,1963,F
438,Dipl.-Ing.,Francesca Winkler B.Eng.,sandoroderwald@gmail.com,mudeundine,21,12,2025,F
439,Alena,Kohl-Lindner,hoevelvincenzo@aol.de,zcichorius,4,3,1960,F
440,後藤,淳,yumikokato@hotmail.com,qabe,10,5,1962,M
441,岡本,治,yuiwatanabe@hotmail.com,hasegawajun,29,12,1989,M
442,Montserrat,Espejo Gálvez,damian54@hotmail.com,juana71,5,7,1992,F
443,Alexandra,Almagro Zorrilla,eustaquio06@yahoo.com,scoello,7,12,1976,F
444,伊藤,明美,vsakamoto@hotmail.com,kobayashikana,8,7,1948,F
445,Élodie,Maurice,hroussel@orange.fr,mathilde03,3,4,1967,F
446,David,Butler,fking@hotmail.com,ryanangela,6,10,1943,M
447,Alba,del Montes,celestino87@hotmail.com,tlucas,5,5,1956,F
448,Sabrina,Davidson,uwhite@gmail.com,christopher70,17,8,1929,F
449,高橋,治,pyamamoto@hotmail.com,naoko71,24,3,1952,M
450,池田,結衣,katosatomi@yahoo.com,aito,5,7,1957,F
451,佐藤,春香,vtanaka@hotmail.com,tsubasanakagawa,1,6,1973,F
452,Lucio,Morante Roldan,aparicioatilio@gmail.com,heliodoro79,23,11,2024,M
453,Dwayne,Phillips,gillmichael@hotmail.com,hstokes,27,12,1953,M
454,Sylvie,Hervé,francoise16@live.com,mathildelaporte,18,5,1971,F
455,Christelle,Collin,michelle35@ifrance.com,sylviefaivre,8,5,2007,F
456,Auguste,Henry,elodieguyot@dbmail.com,renee21,13,4,1966,M
457,Agnès,Meunier-Morvan,rperret@gmail.com,christophe97,14,3,1994,F
458,Joshua,Mcbride,mcdonaldsherri@yahoo.com,jevans,8,4,1990,M
459,中村,康弘,aikeda@yahoo.com,ptanaka,22,12,1952,M
460,佐藤,稔,shota68@hotmail.com,kazuyayamada,17,6,1932,M
461,高橋,花子,zsakamoto@gmail.com,eikeda,12,6,1969,F
462,Matthieu,Perrier-Carlier,nath31@orange.fr,hamonmargaret,15,7,1932,M
463,Maribel,del Puig,olegariomontenegro@hotmail.com,morena17,26,8,1992,F
464,Fadime,Seip-Wilms,miroslavgroettner@web.de,andrzej86,26,12,1990,F
465,Herminio,Miranda Noguera,eduardo31@hotmail.com,bermudezjacinto,18,12,2012,M
466,Dr.,Birthe Schüler,fschottin@gmx.de,timo72,5,3,1973,F
467,Evangelos,Haase B.A.,ramona03@web.de,martinhansjuergen,13,5,1990,M
468,岡田,美加子,vmaeda@gmail.com,hashimotomaaya,28,2,1987,F
469,森,明美,momokoyamada@gmail.com,ykato,29,1,1915,F
470,渡辺,裕美子,yosuke09@gmail.com,atsushisaito,31,7,2014,F
471,Colette,de Langlois,delmasstephane@club-internet.fr,albertpauline,28,2,1991,F
472,Michael,Bailey,perkinsbrian@gmail.com,bryantcarla,23,7,1980,M
473,Claudius,Haase,rubenbloch@gmail.com,sibylleboerner,2,1,1940,M
474,Arthur,Ramos,huguesle-gall@wanadoo.fr,mailletdavid,24,4,1939,M
475,高橋,陽一,zsaito@gmail.com,maiyamazaki,13,4,1939,M
476,Constance,Lévêque Le Coulon,adrienneandre@tiscali.fr,rousseaumarie,24,7,2002,F
477,Zaira,Aznar Checa,ggimeno@yahoo.com,isaacvillalonga,15,6,1992,F
478,Fanny,del Arana,ana-belencarranza@yahoo.com,herminioheredia,29,7,1999,F
479,池田,翼,takahashiyumiko@gmail.com,akirakobayashi,27,3,2023,M
480,Dr.,Jana Plath MBA.,bseifert@googlemail.com,tomashartmann,1,11,1989,F
481,Janusz,Drub,evangelia81@yahoo.de,gretlbolzmann,26,12,1966,M
482,George,Underwood,zallen@hotmail.com,respinoza,16,2,1956,M
483,Jaqueline,Rose-Wirth,ffischer@web.de,juttastumpf,17,11,1997,F
484,Antonia,Galvez Acero,valerio48@hotmail.com,alfredocalatayud,2,5,1913,F
485,Gregory,Hudson,shunter@hotmail.com,chloe70,9,7,1911,M
486,松田,知実,minoru50@hotmail.com,hanakoota,29,6,2009,F
487,山崎,さゆり,minoru35@yahoo.com,yosukeaoki,12,2,1986,F
488,Duane,Banks,rebecca36@yahoo.com,kevinphillips,21,4,1952,M
489,加藤,七夏,taro40@gmail.com,tanakashota,11,11,2007,F
490,John,Pham,dan83@hotmail.com,joshua39,28,5,1918,M
491,Annie,Bolzmann B.A.,linkeconstance@hotmail.de,ugrein-groth,5,2,2023,F
492,William,Matthews,sarah68@yahoo.com,gcastro,11,3,1965,M
493,Noelia,Peinado Gilabert,liliavidal@yahoo.com,osorioale,20,7,2005,F
494,Marianne,Allain,laure03@laposte.net,paul82,7,4,1980,F
495,Joe,Morgan MD,kellycarla@gmail.com,whitewendy,2,11,1975,M
496,Amanda,Brooks,tgarza@gmail.com,kathleen65,7,9,1989,F
497,Mario,Spencer,rmann@gmail.com,hernandezlindsey,7,9,2019,M
498,Univ.Prof.,Else Gumprich MBA.,fstadelmann@yahoo.de,claudio30,28,2,1963,F
499,Doris,Peukert-Keudel,segebahngisela@googlemail.com,silvio43,21,8,1992,F
500,Richard,De Sousa,ines36@noos.fr,pierremarie,16,7,1947,M
501,Anatol,Stiebitz,sophie24@gmail.com,kallertgerman,11,8,1965,M
502,Nicolas,Delorme,gonzalezantoinette@laposte.net,gmaury,31,1,2018,M
503,Timothy,Perez,onealtaylor@gmail.com,anelson,7,3,1990,M
504,Hans-Jochen,Köhler,lilli17@gmx.de,jmans,24,5,1983,M
505,Véronique,Lecoq de Martineau,nferreira@live.com,claudelefort,18,8,1998,F
506,Noël-Thibault,Rousseau,charleshortense@wanadoo.fr,dumontclaire,22,3,1940,M
507,斎藤,真綾,uokada@hotmail.com,junyoshida,24,10,1945,F
508,Stacey,Williams,underwooddavid@hotmail.com,simmonsrobert,28,12,1999,F
509,Marcos,Mendoza-Naranjo,ramirezemiliano@gmail.com,prudencia68,6,5,1951,M
510,Édouard,Roger de Joly,patriciamerle@tiscali.fr,vroussel,9,6,2022,M
511,山口,真綾,kenichi37@yahoo.com,yuta94,5,2,1944,F
512,Prof.,Christin Fiebig MBA.,kristinawulf@gmx.de,kjunck,15,9,2017,F
513,Luke,Sanford,manderson@yahoo.com,fischerteresa,20,3,1990,M
514,Juanito,Malo Vara,ealonso@gmail.com,desiderio70,15,2,1954,M
515,鈴木,さゆり,sotaro72@gmail.com,qtakahashi,7,2,1976,F
516,Carmine,Striebitz,grazynahoffmann@aol.de,hornichwolfram,19,11,2011,F
517,Sabine,Grondin,monique70@laposte.net,thibaultmarguerite,18,5,1924,F
518,Ing.,Gerfried Henk MBA.,raedelewa@gmail.com,arminneureuther,3,4,1946,M
519,Erin,Shaffer,wilsonelizabeth@hotmail.com,yatesmario,26,9,1936,F
520,Victoria,Smith,uguerra@yahoo.com,gomeztammy,24,12,1950,F
521,Lázaro,del Morales,valentinjodar@hotmail.com,soledadcapdevila,28,5,1999,M
522,Roger,Benoit,merleluce@noos.fr,leclercraymond,9,9,2002,M
523,Saturnino,Manzanares Pozuelo,raimundodiego@hotmail.com,recioirma,27,5,2014,M
524,渡辺,聡太郎,matsumotoyoko@gmail.com,takumatanaka,14,2,2021,M
525,Ing.,Jacek Ditschlerin B.A.,rlange@web.de,grein-groththoralf,1,11,1944,M
526,Timothy,Freeman Jr.,jacquelinemiller@yahoo.com,sbrown,29,11,1911,M
527,Travis,Oneal,bradley70@gmail.com,lwheeler,29,9,1936,M
528,Teófila,Figueroa-Juárez,csabater@gmail.com,clarisa26,29,4,1944,F
529,Robin,Wulf,chiller@yahoo.de,eberhardtherrmann,10,7,1955,M
530,石井,春香,iito@gmail.com,mmurakami,26,5,1998,F
531,Tammy,Alvarez,lcarter@hotmail.com,wbaldwin,23,7,2012,F
532,山口,千代,takumayamamoto@gmail.com,yoichi18,17,4,2009,F
533,Isabella,Eberth,geroldstaude@aol.de,matootto,18,11,2004,F
534,Lawrence,Harris,awhite@gmail.com,mcantrell,14,6,1948,M
535,西村,太一,naokiendo@hotmail.com,naotoikeda,16,11,2015,M
536,Norberto,Hoyos-Castro,escolanoflorentino@yahoo.com,ligiabecerra,23,2,1935,M
537,Carlos,Carlos Castellanos Guardiola,aangel@yahoo.com,lagunacandida,31,5,1987,M
538,Valeska,Carsten,ddoehn@aol.de,heusersylke,7,6,1948,F
539,石井,幹,harukayamaguchi@yahoo.com,asukasuzuki,12,1,1928,F
540,鈴木,和也,asukanakamura@hotmail.com,akemi44,20,9,2013,M
541,Brooke,Paul,amanda32@gmail.com,matthew51,3,4,1941,F
542,Sarita,Macías-Noguera,valbuenaremedios@hotmail.com,nmendez,7,7,1930,F
543,Martín,Gallardo Dueñas,bchaves@hotmail.com,botellahaydee,3,6,1976,M
544,Gervasio,Marin Falcó,ingridmayoral@yahoo.com,amorosnicolasa,2,2,1916,M
545,Aurore,François,dmoreno@wanadoo.fr,margueriteramos,21,11,1936,F
546,Ortrun,Hornig,xpohl@hotmail.de,soedingmarko,6,10,1968,F
547,Aimé,Hamel,michaudnoemi@ifrance.com,gilbert48,27,6,1964,M
548,Porfirio,Aznar Jurado,domingocabrera@yahoo.com,dgarcia,22,4,1989,M
549,Carlos,José Manuel Manuel Beltran,espanakike@gmail.com,gustavogalan,21,10,1962,M
550,Anastasio,Isidro Sarabia Castilla,panchogrande@yahoo.com,concepcionibanez,11,11,2006,M
551,Rodrigo,Pavón Heras,desiderio17@gmail.com,consuelo82,15,5,2006,M
552,Inès,Michaud,gaudinjulien@club-internet.fr,lambertgabrielle,2,7,1995,F
553,Fridolin,Klemm,jensackermann@gmx.de,irma03,2,5,1940,M
554,山田,香織,osamu64@gmail.com,sotaro15,18,6,1931,F
555,Melissa,Rice,janderson@hotmail.com,vdavis,13,10,1922,F
556,伊藤,舞,akemi62@hotmail.com,eaoki,24,9,1962,F
557,山本,花子,maayayoshida@hotmail.com,kenichiyamamoto,9,3,1943,F
558,Alain-Gérard,Didier,hpires@voila.fr,josetteledoux,18,12,2014,M
559,Timothy,Anderson,amysmith@yahoo.com,jacobmack,26,6,1999,M
560,Dr.,Mariusz Kobelt B.A.,dzaenker@yahoo.de,lene71,29,11,1992,M
561,Sigfrido,Uriarte Montaña,magdalena55@hotmail.com,adiaz,18,5,1986,M
562,加藤,太郎,hashimotoyuta@gmail.com,suzukihiroshi,26,7,1963,M
563,Jessica,Barnes,walkerdana@hotmail.com,ashley05,14,7,1940,F
564,Clarisa,Trujillo-Llamas,mateoserafina@gmail.com,lucia38,27,6,2024,F
565,Anthony,Perez,robert06@hotmail.com,jdean,17,1,1976,M
566,Michelle,Maury-Royer,thibautramos@live.com,vrichard,25,2,1941,F
567,David,Roberts,monica95@yahoo.com,kimberlymiller,29,4,2002,M
568,Felipe,Alonso Alarcón,casemirogiron@yahoo.com,amalia49,7,5,2016,M
569,Agapito,del Narváez,vcases@gmail.com,worozco,16,2,1944,M
570,Juan,Sala Almeida,loreto05@gmail.com,gonzalofermin,23,1,1971,M
571,清水,陽子,mai71@hotmail.com,satomimatsumoto,21,8,1968,F
572,Brandy,Barber,adrian58@yahoo.com,amanda87,3,4,2011,F
573,Stephanie,Howard,hcruz@hotmail.com,angela58,23,10,2000,F
574,Grace,Hill,thomasshannon@yahoo.com,michaelbutler,18,2,1972,F
575,Mercedes,Robles,zvillalba@hotmail.com,alarconasdrubal,22,4,1948,F
576,井上,京助,reisuzuki@gmail.com,mituru97,18,7,1964,M
577,佐藤,幹,atsushi80@yahoo.com,vtanaka,27,3,1970,F
578,小林,加奈,itoryohei@hotmail.com,jun23,1,10,1984,F
579,Michael,Bauer,clarksean@yahoo.com,xgonzalez,8,1,1970,M
580,Clémence,Allain,clemence58@tiscali.fr,zlacroix,9,7,1916,F
581,Leoncio,Luz Cortés,cruz16@gmail.com,rafaelriba,30,6,2001,M
582,Colette,de Costa,gabrielgilbert@sfr.fr,william79,2,1,1991,F
583,Brian,Coleman,zavalajoyce@yahoo.com,fwhite,31,8,2025,M
584,Henriette,Potier,remyjosette@tiscali.fr,eric53,13,1,2000,F
585,Amy,Webb,jordannash@yahoo.com,vstewart,1,1,2009,F
586,斎藤,京助,pfujita@gmail.com,kaori51,12,1,1918,M
587,Toni,Rogelio Buendía Pi,silvestrepalomo@yahoo.com,merche36,26,9,1985,M
588,林,修平,mai71@hotmail.com,kondoharuka,29,7,2011,M
589,中村,裕太,nakagawakana@gmail.com,saitoosamu,21,10,1938,M
590,Mathilde-Simone,Pereira,monnierguy@laposte.net,bodinjules,12,7,1958,F
591,Efraín,Tristán Cornejo Berenguer,sgalvan@gmail.com,araujobenito,8,11,1928,M
592,Eloísa,Requena,guerrerojose-ramon@yahoo.com,prudenciavalverde,4,5,1933,F
593,Gunhild,Fröhlich MBA.,kobeltjane@gmail.com,wseifert,14,4,1994,F
594,Jessica,Hester,awagner@gmail.com,johnsmith,8,3,1933,F
595,Cindy,Pearson,douglas49@hotmail.com,avilamelissa,17,11,1914,F
596,Kimberly,Haynes,xalvarez@gmail.com,pmccann,27,7,1949,F
597,Andrew,Patel,holtjames@hotmail.com,isummers,22,12,1951,M
598,Eberhardt,Pieper,vullrich@web.de,urbandietz,19,6,1979,M
599,Thomas,Bernard,zbrun@sfr.fr,cfaivre,1,8,1924,M
600,Caroline,Lefebvre-Besson,alphonse45@hotmail.fr,benoitfleury,6,11,1975,F
601,山崎,学,osato@hotmail.com,hashimotohanako,4,9,1935,M
602,René,Blanchard-Pottier,merlenicole@live.com,grodrigues,21,11,1947,M
603,Nathalie,Bousquet,raymond22@bouygtel.fr,jacquelinedijoux,2,9,1926,F
604,Theresa,Orr,williamsamanda@hotmail.com,mitchelllinda,10,2,2001,F
605,Karl,Hartmann-Barkholz,hseidel@yahoo.de,emanueljunk,23,9,1932,M
606,青木,裕美子,maitakahashi@yahoo.com,shimizuakemi,18,11,2024,F
607,加藤,裕美子,satomisato@yahoo.com,xtanaka,4,5,2007,F
608,森,花子,kenichi86@yahoo.com,yasuhirofujita,15,3,1967,F
609,Steven,Moore,pmartinez@gmail.com,richardbowen,15,1,2009,M
610,Elpidio,Bolaños Bustamante,fvilla@yahoo.com,domitilaandreu,10,8,1981,M
611,Clémence,du Verdier,emilele-gall@bouygtel.fr,charrierleon,30,10,2021,F
612,María,Ángeles Bernat Saldaña,paola69@gmail.com,dieguezanunciacion,15,5,1936,F
613,Susanne,Hecker,pruschkedorothee@gmail.com,maritakrause,12,8,1995,F
614,Benoît,Pelletier,prichard@laposte.net,levystephane,16,9,2011,M
615,Berta,Lobato Esparza,quirogaquirino@gmail.com,adominguez,27,4,1926,F
616,Diane,Weiss de la Sanchez,jeromevalette@voila.fr,juliegimenez,18,4,1916,F
617,Julie,Pasquier,anaisdumas@hotmail.fr,aimeeleclercq,2,12,1951,F
618,François,Morvan,huetlucas@dbmail.com,tvallee,19,11,2014,M
619,Sükrü,Höfig,franziskahornig@gmail.com,van-der-dussenphilip,12,10,1998,M
620,中村,香織,kumikokato@yahoo.com,zishikawa,2,6,1976,F
621,Megan,Stephens,lgutierrez@gmail.com,wpaul,23,12,1976,F
622,Gerardo,Carvajal Costa,leopoldocampillo@gmail.com,modestofernandez,11,2,1964,M
623,佐藤,健一,saitoyuki@hotmail.com,wshimizu,4,1,1999,M
624,Bautista,Colom Melero,capdevilalupita@gmail.com,nazaretlopez,9,4,2018,M
625,斎藤,加奈,ryosukeyamada@gmail.com,naokoota,4,6,2013,F
626,Paulette,Letellier,lebretonconstance@tele2.fr,henripayet,17,10,2018,F
627,Susan,Guyon,gmorel@voila.fr,lambertalexandre,25,3,1921,F
628,Charles,Morgan,myerssandra@yahoo.com,lance40,13,11,1965,M
629,Susanne,de la Charles,merciernicolas@wanadoo.fr,mullerfrederique,15,9,1989,F
630,Laurent,Guyon,huguesgermain@dbmail.com,stephanefleury,4,4,2009,M
631,Prof.,Ortrun Geisel,hgierschner@aol.de,hahnansgar,22,2,1946,F
632,Susanne,Mosemann,vsager@gmx.de,ostumpf,30,8,1927,F
633,Léon-Julien,Moreno,valletjeanne@gmail.com,mallain,8,2,1920,M
634,Patricia,Hughes,marshallderrick@yahoo.com,anthonytheodore,28,7,2004,F
635,小林,学,kanasato@hotmail.com,nanamiito,2,9,1975,M
636,渡辺,陽子,manabu76@yahoo.com,abesotaro,20,10,1931,F
637,René,Durand-Lopes,theresemeyer@ifrance.com,davidjules,16,3,1972,M
638,Valentine,Moreno,reyveronique@voila.fr,eleonoreclerc,27,9,1933,F
639,Emilio,Puerta Girón,fabiola36@gmail.com,maura64,3,3,1969,M
640,Maricruz,Bertrán Arcos,carlito01@hotmail.com,esther96,13,12,1932,F
641,Leyre,Bermejo,oliverdavid@hotmail.com,marticandelas,27,12,1932,F
642,Candela,Quero Páez,camilosarmiento@gmail.com,hmorales,19,9,2014,F
643,Frank,Willis,gserrano@hotmail.com,ufleming,23,11,1912,M
644,斎藤,翔太,kyosukesuzuki@gmail.com,yamaguchiakemi,27,11,1982,M
645,鈴木,洋介,minoru92@hotmail.com,ryohei38,6,10,1920,M
646,Saban,Beer,murat85@hotmail.de,qchristoph,24,1,1984,M
647,Theresa,Johnson,keithblack@yahoo.com,ian12,14,6,1942,F
648,Fausto,Bernabé Cáceres Lara,aangulo@hotmail.com,tristanmaestre,15,6,1966,M
649,Dr.,Jolanta Jockel B.Eng.,baerbellinke@web.de,ahmadebert,4,9,1983,F
650,Angélica,Mata Oliver,neiracarla@hotmail.com,sampereugenia,6,8,1947,F
651,Charlotte,Mallet,vregnier@sfr.fr,josephine38,16,7,2008,F
652,高橋,太郎,yasuhirokondo@gmail.com,kana53,21,3,1985,M
653,Luisina,Mayo Diez,ssegarra@yahoo.com,ltejera,17,10,2025,F
654,Maximiliano,Sala Villalobos,fabiosoto@yahoo.com,illabres,13,6,2025,M
655,Ing.,Frederik Barth,beieranne-marie@googlemail.com,lgeisler,22,5,1952,M
656,Jérôme,Guyot Le Leclerc,yves93@voila.fr,therese94,2,4,1932,M
657,Melissa,Foster,millerclaudia@yahoo.com,morsemichael,10,6,1964,F
658,Jacqueline,Mace,tbuisson@dbmail.com,lacroixantoine,19,6,2017,F
659,Cody,Jackson,kelly66@gmail.com,mbaker,7,3,2018,M
660,Esperanza,Cortina,hipolito16@gmail.com,barcenavictor,26,3,1995,F
661,Louis,Wagner,edithhumbert@tiscali.fr,blancjulie,30,5,1933,M
662,佐々木,美加子,jun87@gmail.com,hiroshisaito,10,9,2008,F
663,藤井,翔太,qtanaka@yahoo.com,sakamotoyoichi,11,5,1989,M
664,Arnold,Scheel,kensydarius@web.de,xherrmann,11,1,1932,M
665,Feliciana,Osorio-Crespi,costamorena@hotmail.com,nicolasapons,17,9,1916,F
666,Matthew,James,rmaldonado@hotmail.com,hartmichael,12,12,1986,M
667,David,Hampton,katiecarr@gmail.com,xestrada,23,12,1990,M
668,Giovanna,Kohl,fboerner@aol.de,fweitzel,18,10,1987,F
669,Sean,Powell,gibsoncarl@gmail.com,colestephanie,2,4,1932,M
670,Meta,Wagner-Heß,schoenlandantonina@googlemail.com,edehmel,18,4,1928,F
671,坂本,智也,kana24@gmail.com,yasuhirosato,9,10,1991,M
672,伊藤,あすか,naokowatanabe@gmail.com,xsaito,16,6,1984,F
673,佐藤,千代,satoshohei@gmail.com,fmaeda,20,4,1950,F
674,Stephan,Pieper,hethurstefano@web.de,ansgar18,17,8,1946,M
675,Hulda,Pärtzelt-Binner,henkalbert@yahoo.de,korinnataesche,19,10,1951,F
676,Agustín,Pozuelo Ureña,lidia59@yahoo.com,blanchvisitacion,8,8,1970,M
677,Dominique,Launay,hortense53@orange.fr,lucdaniel,13,2,1929,F
678,Melissa,Small,pinedajoseph@gmail.com,pateljennifer,29,9,1934,F
679,Cándido,Bru-Guzmán,ralcantara@hotmail.com,marisela61,12,7,1930,M
680,Lisa,Rivera,lisamartinez@yahoo.com,brownkristen,26,7,1971,F
681,Marcial,Amigó-Cases,carneromaria-manuela@gmail.com,aitana42,23,4,2002,M
682,Nathalie-Clémence,Gay,dianeevrard@sfr.fr,denislaurent,20,8,1954,F
683,Martine,de la Thomas,martinehumbert@ifrance.com,anoukneveu,9,10,1917,F
684,Heinz-Peter,Krause,wagenknechtsiegrun@gmx.de,gerwin90,3,9,1933,M
685,Herr,Anatol Stroh B.Sc.,rogerhentschel@googlemail.com,neureutheralexej,6,9,1917,M
686,Aimée,Daniel,elisabeth42@live.com,nathdidier,26,11,2013,F
687,Arnaude,Foucher,durandyves@wanadoo.fr,camusthibaut,15,1,1934,F
688,Suzanne,Rose,vlado77@gmail.com,hans-herbertstiffel,6,3,1913,F
689,Teobaldo,Vallés,modesto28@gmail.com,wpalau,13,4,1965,M
690,Custodio,Diego-Fortuny,quesadafabricio@hotmail.com,irmavalle,13,2,1919,M
691,Amy,Barry,xsmith@hotmail.com,catherine18,27,7,2005,F
692,Michelle,Green,bhernandez@hotmail.com,butlermegan,27,6,2025,F
693,Engin,Faust,gorankostolzin@hotmail.de,doerrhans-georg,21,3,1996,M
694,Olimpia,Sans Palacios,somozabautista@hotmail.com,antonrosenda,12,10,1943,F
695,Prof.,Erwin Sölzer B.A.,uanders@hotmail.de,greising,4,9,1946,M
696,Sükrü,Röhrdanz,maike57@googlemail.com,kaethi78,6,12,2000,M
697,Michelle,Small,aaron90@hotmail.com,taylorstephanie,6,11,1981,F
698,Anne,Poirier Le Simon,dorotheeboyer@orange.fr,hortenseollivier,17,12,1964,F
699,Martine,Gomez,margotverdier@tele2.fr,lenoiryves,26,1,2016,F
700,Zacarías,Mármol Pera,riotomas@gmail.com,javi39,5,8,1974,M
701,Adrien,Lopes,odettemichel@bouygtel.fr,pbouchet,2,1,1970,M
702,Loretta,Ayers,desireeramirez@hotmail.com,evansalazar,13,4,1929,F
703,Esperanza,Cárdenas,rcasal@hotmail.com,malvaro,12,10,1963,F
704,François,Leroy,marysebruneau@sfr.fr,xhoareau,19,6,1929,M
705,Cheryl,Wilson,robin14@yahoo.com,martinjames,20,2,1989,F
706,佐藤,真綾,yuki58@gmail.com,csasaki,3,1,1929,F
707,Stéphanie,Moreau-Texier,mgros@ifrance.com,victorpayet,13,4,1990,F
708,Lars,Mans B.Eng.,jhethur@yahoo.de,estherhertrampf,14,1,2011,M
709,Urszula,Neuschäfer B.Eng.,nchristoph@gmail.com,dusanbeer,9,6,1949,F
710,Iris,Osorio Baeza,bautistaisidro@hotmail.com,bernarda57,11,5,2013,F
711,渡辺,晃,wyoshida@gmail.com,yoshidanaoto,30,10,1927,M
712,Dipl.-Ing.,Ilja Thanel B.Eng.,janetbachmann@hotmail.de,mansherta,31,5,1922,M
713,Ekaterina,Weinhold MBA.,alfonsbriemer@aol.de,hans-ludwigadolph,2,11,1967,F
714,三浦,加奈,enakajima@gmail.com,ufujii,13,8,1947,F
715,Pénélope,Briand-Germain,germainjosephine@ifrance.com,etienneroland,31,10,2005,F
716,Paul,Valette,michellemarin@tiscali.fr,wmendes,31,5,1968,M
717,Barbara,Loos MBA.,ludwig16@web.de,traudel83,29,1,2002,F
718,Laurie,Barnett,nicolefreeman@gmail.com,vickie90,8,10,2014,F
719,Herr,Hans Georg Pohl,gerolf60@web.de,ulf54,17,5,2022,M
720,Melissa,Keller,robinroy@hotmail.com,hhood,19,11,1935,F
721,Theresa,Heidrich MBA.,wilfriedekoch-ii@gmx.de,roemerfrancoise,15,7,1961,F
722,小川,淳,lnakajima@gmail.com,hideki86,4,8,1959,M
723,遠藤,篤司,suzukiakira@hotmail.com,mituruyamamoto,21,7,1950,M
724,Océane,Perrot,georgessophie@live.com,luciemeunier,14,7,1964,F
725,Virginie,Daniel,zpelletier@laposte.net,barbierbernard,16,5,1977,F
726,佐々木,直人,yokoendo@gmail.com,ryoheisato,5,4,2002,M
727,Gilles,Bigot,martytristan@voila.fr,fbreton,19,1,2013,M
728,Vicente,Morante-Miró,visitacionpena@gmail.com,blasvega,16,7,1995,M
729,中村,翼,maedakana@yahoo.com,jokada,12,4,1981,M
730,Thibaut,Baron,jjean@tiscali.fr,le-rouxjerome,11,8,1941,M
731,Jeanne,Gaudin,chantal61@live.com,manonbaudry,6,4,1977,F
732,坂本,明美,kondoyumiko@yahoo.com,asuka78,4,5,1950,F
733,Mercedes,de Reyes,torrentbernarda@yahoo.com,martirioferreras,23,3,1988,F
734,西村,裕太,kimurananami@gmail.com,gotojun,15,5,1936,M
735,鈴木,翼,yumiko94@hotmail.com,yosukeyamazaki,25,4,2000,M
736,Melissa,Patel,latashawilson@hotmail.com,scotthayden,10,1,1965,F
737,Justin,Hill,richardgoodman@gmail.com,moorevickie,26,7,1993,M
738,Ramona,Falcón Páez,obaro@hotmail.com,benignoarnaiz,22,1,1919,F
739,Edward,Eckbauer-Gotthard,dheintze@web.de,hoerlesylvie,15,4,2014,M
740,Vicenta,Ríos Feijoo,rufinaromero@gmail.com,quirinonaranjo,21,12,1913,F
741,Zacarías,Clemente-Cordero,cmontana@gmail.com,berta98,3,2,2024,M
742,Sonia,Liebelt B.Eng.,leonoredrubin@gmail.com,iwan74,18,12,1957,F
743,佐藤,桃子,takuma89@hotmail.com,miturukondo,21,7,2003,F
744,Sigrid,Johann,magnus86@hotmail.de,raissa82,5,4,1947,F
745,Theda,Adolph,schmiedtoskar@web.de,fredo95,22,8,1938,F
746,Élodie,Regnier,michaudjules@sfr.fr,qwagner,2,9,1990,F
747,Thibault,du Duhamel,jlopez@gmail.com,arnaudechevalier,1,6,1985,M
748,池田,充,xsato@gmail.com,rikamatsumoto,15,11,1949,M
749,Alix,Lamy,rouxrichard@bouygtel.fr,grondinhenri,29,8,1949,F
750,Anita,Losa,alondrasacristan@yahoo.com,walfaro,15,7,1952,F
751,Joshua,Thompson,davisconnie@hotmail.com,leebryan,17,1,2011,M
752,Joseph,Rose,jose75@gmail.com,mark06,2,7,1992,M
753,Claire,Courtois Le Pages,celinelemonnier@live.com,mpelletier,21,10,1927,F
754,Christine,Le Mendès,susannenicolas@hotmail.fr,margaudblin,25,8,1946,F
755,Lisa,Lopez,frandall@hotmail.com,connor05,18,9,1962,F
756,Éric,Charrier-Traore,martygilles@noos.fr,alfred56,22,12,1910,M
757,Gervasio,Bas Redondo,escuderoapolinar@hotmail.com,corona29,15,1,2017,M
758,Victoria,Espinoza,herrerajoseph@gmail.com,smithlaurie,10,9,1968,F
759,石川,あすか,satominoru@yahoo.com,kyosuke82,1,3,1930,F
760,Amy,Marshall,bennettbruce@yahoo.com,meghan82,1,9,1952,F
761,Dipl.-Ing.,Jacqueline Gunpf MBA.,vanders@gmx.de,danieleeigenwillig,20,7,1925,F
762,Tanya,Evans,nroberts@hotmail.com,rkeller,29,4,2009,F
763,松田,康弘,jabe@hotmail.com,shotasuzuki,12,1,1994,M
764,Miss,Mary Barnes,kristopher03@hotmail.com,davehill,1,12,1965,F
765,Alonso,Montenegro Avilés,qdomenech@gmail.com,lrosado,25,12,2010,M
766,Ceferino,Miguel-Gargallo,odalyspedro@gmail.com,pili89,29,10,1951,M
767,中村,康弘,fujiiyoichi@yahoo.com,yosuke84,23,11,1917,M
768,Philippe,Rivière,adelehoarau@laposte.net,dominique90,22,4,2014,M
769,Denise,Thomas,jbrady@gmail.com,sabrina58,17,11,1995,F
770,Kelsey,Brewer,nicoleorr@gmail.com,thompsonanthony,18,12,1911,F
771,Jessica,Perez,osampson@yahoo.com,matthewcoleman,27,6,1992,F
772,Katrina,Welch,silvajonathan@gmail.com,ashleyphillips,11,7,1927,F
773,Andrea,Oneal,sethpacheco@gmail.com,kathleen85,9,3,2024,F
774,Amaro,Serrano Jordá,raimundotormo@hotmail.com,saludmercader,23,2,1985,M
775,Scott,Martinez,gardneralisha@yahoo.com,hudsonjason,15,1,1949,M
776,Jillian,Spencer,irwingregory@hotmail.com,rachel70,30,5,1950,F
777,David,Myers,chasemyers@gmail.com,martinandrea,5,8,2000,M
778,Univ.Prof.,Günter Kitzmann MBA.,geiselolivia@gmx.de,muzafferernst,16,10,2008,M
779,Thierry,Fleury,alexandriecohen@dbmail.com,elisabeth78,18,10,1967,M
780,Prof.,Nuri Reichmann,gerlindewirth@web.de,karl-heinrichkohl,23,8,1922,M
781,Thierry,Goncalves,susan44@voila.fr,mauriceodette,8,11,1949,M
782,青木,裕樹,tomoyaokamoto@hotmail.com,kyosuke02,28,1,1934,M
783,Sherri,Schultz,hardyann@yahoo.com,madisonstrickland,2,7,1991,F
784,藤井,智也,yabe@gmail.com,yamaguchimaaya,18,1,1920,M
785,Bert,Eberth B.Sc.,yheinrich@aol.de,hmueller,13,12,2000,M
786,Narciso,Ferrández,tonielorza@yahoo.com,qamigo,5,8,1946,M
787,Franck,Guillot-Marchand,guydupont@tele2.fr,fjoubert,4,6,1915,M
788,Amado,Vallés Guzman,maura20@hotmail.com,itorre,26,6,1964,M
789,Isaac,Maury,zleleu@ifrance.com,pereznicole,3,1,1993,M
790,佐々木,晃,asukahashimoto@gmail.com,hiroshi95,16,10,2025,M
791,Clarisa,Albero Rincón,santosalberola@hotmail.com,ponsmaura,14,5,1990,F
792,鈴木,千代,hishii@yahoo.com,hanako26,24,2,1950,F
793,Dorothée,Louis de Lagarde,renardpauline@ifrance.com,alexandre55,15,9,1913,F
794,Vidal,Barrena Cáceres,pouana@hotmail.com,constanzamartin,1,3,1996,M
795,Dipl.-Ing.,Mathilde Gehringer B.Sc.,hubertus93@yahoo.de,wolfkade,2,3,1958,F
796,Cilly,Schacht B.Sc.,weberth@web.de,vinkoweller,7,12,1927,F
797,遠藤,淳,psato@gmail.com,momoko70,30,12,1944,M
798,Louise,Morel-Hernandez,aurorechauvin@sfr.fr,jpineau,12,10,2003,F
799,Jessica,Price,kevin28@gmail.com,ibullock,6,1,1970,F
800,高橋,花子,taichi80@yahoo.com,yasuhiro79,24,4,1940,F
801,Reinaldo,Augusto Barrera Colom,marcbenavides@yahoo.com,amor12,2,2,1982,M
802,Thomas,Pratt,brenda92@gmail.com,johnsonseth,30,4,1923,M
803,Anastasios,Liebelt,schuchhardtcarmen@gmail.com,wkrebs,20,4,1964,M
804,Jeanne,Richard,jacquetlucas@free.fr,georges15,6,6,2019,F
805,John,Perry,kyle57@yahoo.com,toni18,3,11,1940,M
806,Marcel,Blanchet-Denis,noellegros@sfr.fr,wmallet,31,10,1989,M
807,Antonio,Steuer,yjockel@aol.de,rotrautroerricht,28,9,1994,M
808,Pascuala,Gomila Segura,jessica28@hotmail.com,ceciliocastro,13,1,1946,F
809,Gabriel,Normand-Mercier,sanchezcharlotte@hotmail.fr,sylvie97,23,6,1960,M
810,田中,京助,kishikawa@hotmail.com,ryosukekobayashi,3,10,1969,M
811,Jorge,Armstrong,nguyenadam@yahoo.com,rodriguezashley,17,5,2006,M
812,Dr.,Hans-Wolfgang Haase B.A.,kjaekel@web.de,robin15,1,7,1973,M
813,Alondra,del Paz,evillena@yahoo.com,juanito29,24,7,1966,F
814,Kevin,Kelly,catherineesparza@gmail.com,johnsoncraig,3,4,1916,M
815,鈴木,直樹,ryoheinakamura@hotmail.com,qokada,2,1,1966,M
816,Juanito,Moll Oliver,lupe70@yahoo.com,iborrafabio,27,6,1970,M
817,Marie-Luise,Jessel,xmuelichen@hotmail.de,heidrun14,2,10,1979,F
818,Tristan-François,Maurice,yvesde-oliveira@ifrance.com,christophe36,10,10,1932,M
819,Olivier,Blanchard-Bernier,alexandre36@bouygtel.fr,monnierroger,13,8,1939,M
820,Maite,Pedrosa Cadenas,melchorfuente@yahoo.com,andrea18,3,5,1983,F
821,Ernesto,Tamayo Garmendia,ccoloma@yahoo.com,palominorosa,20,2,1982,M
822,David,Guillot,marcelledupont@tiscali.fr,urenaud,10,12,1999,M
823,太田,陽子,yuki83@yahoo.com,kazuya20,12,5,1929,F
824,Anneke,Kabus,mboucsein@hotmail.de,stollahmad,7,3,2023,F
825,Elzbieta,Textor MBA.,fjacobi-jaeckel@web.de,pieperjenny,3,8,1966,F
826,Stéphane,Le Weber,atorres@voila.fr,rousselsophie,15,4,1999,M
827,Bertrand,Gillet,marinsuzanne@laposte.net,renee08,13,6,2020,M
828,Jean,Gérard-Navarro,olivier26@dbmail.com,jacquethugues,5,2,1953,M
829,藤田,千代,qmatsumoto@hotmail.com,bsato,23,1,2021,F
830,Honoré,Bègue,chartieraurelie@hotmail.fr,pguyon,15,8,1984,M
831,Marcel,Delorme,gabrielledupre@free.fr,samsonamelie,21,9,2000,M
832,Fabian,Scholz,poelitzernestine@gmail.com,van-der-dussenmijo,11,1,1964,M
833,Fortunato,Bonilla Reig,nvergara@hotmail.com,cidchus,27,8,1996,M
834,Azeneth,Lledó-Buendía,valdesagustina@yahoo.com,nico21,28,4,1916,F
835,Laetitia-Élisabeth,Dupré,paulettedijoux@tiscali.fr,thomasbertin,6,3,1998,F
836,Steven,Thomas,duncanmarcus@yahoo.com,tonibest,11,4,1928,M
837,Vincent-Frédéric,Ledoux,nathalie42@bouygtel.fr,gilletmarc,8,11,1975,M
838,Cassandra,Miller,ortizjason@gmail.com,christopher40,11,8,1928,F
839,山口,幹,hikeda@gmail.com,nakamurahanako,20,9,1994,F
840,Susan,Pruschke,kbeier@gmx.de,lisaortmann,29,3,1970,F
841,山崎,裕樹,rei24@yahoo.com,ikimura,13,2,1978,M
842,斎藤,篤司,nakagawakenichi@yahoo.com,kanatanaka,10,5,1997,M
843,Gérard,Wagner,bmaillet@free.fr,kfournier,3,7,2024,M
844,Luce,Guillon,julienchristophe@yahoo.fr,leblancmathilde,2,9,1930,F
845,Gabriel,Leonardo Riquelme Folch,titotomas@gmail.com,adelardo92,5,12,1925,M
846,Marisela,Carmona,mballesteros@yahoo.com,vallsvidal,23,12,2006,F
847,Steven,Campbell,amanda55@gmail.com,whitakermary,17,8,1966,M
848,Sergio,James,maurice83@yahoo.com,mleach,9,1,1975,M
849,Andrew,Armstrong,bradleygarrett@hotmail.com,smithgary,1,1,2021,M
850,Rebecca,Singh,jessica67@gmail.com,dennismoore,8,7,1956,F
851,近藤,直人,pfujiwara@yahoo.com,xsaito,1,10,1967,M
852,佐藤,篤司,yosukeishii@gmail.com,manabu08,1,9,2015,M
853,Lawrence,Alvarez,gregturner@yahoo.com,tlee,14,5,1961,M
854,Raphael,Binner,etrub@googlemail.com,liliana28,30,10,2013,M
855,Ing.,Marie-Theres Geisel,romualdklotz@web.de,sorgatzboris,15,6,1994,F
856,Goran,Weimer,ptintzmann@yahoo.de,xthies,17,11,1914,M
857,Jens,Rogge,bartholomaeusgude@yahoo.de,mandy70,12,12,1921,M
858,Rebecca,Cooper,stevensjessica@gmail.com,francosheila,3,5,1930,F
859,Anneli,Hauffer,buchholznikolaos@gmail.com,roggefilippo,1,10,1980,F
860,Manon,Briand,marguerite32@tele2.fr,dlejeune,3,8,1956,F
861,Cynthia,Robertson,gonzalezchristopher@gmail.com,michaelthompson,23,5,1953,F
862,佐々木,加奈,tomoyasaito@gmail.com,nakajimamanabu,25,3,1918,F
863,Robin,Cummings,kim34@yahoo.com,brenda75,24,2,1965,F
864,Nicole,de Mathieu,kandre@laposte.net,denisebouchet,18,4,1940,F
865,Claudia,Valentín Anaya,nacho27@yahoo.com,rllanos,26,10,1922,F
866,Meral,Kramer-Köhler,vesna88@gmx.de,oderwaldherbert,6,5,2020,F
867,Gottlieb,Weitzel,roemertom@googlemail.com,wbolnbach,10,12,1971,M
868,Dr.,Carin Sager B.Eng.,trubferenc@gmail.com,ludgergotthard,26,10,1927,F
869,Pepita,Vara,riberaaureliano@hotmail.com,virgilioalvarez,18,7,1933,F
870,Clarisa,Sandoval,zmunoz@gmail.com,aguirregabriel,23,7,1998,F
871,吉田,充,fhasegawa@gmail.com,satomi71,19,2,1986,M
872,Tammy,Peters,langlaura@hotmail.com,patriciahill,26,1,1991,F
873,Éléonore,Fleury,guyonnathalie@ifrance.com,delattrenicolas,24,10,1936,F
874,Ashley,Lozano,josereynolds@yahoo.com,christine46,18,5,2014,F
875,William,Leroux,xcoulon@tiscali.fr,pauline95,23,12,2004,M
876,鈴木,智也,okobayashi@gmail.com,ishiiminoru,7,2,1987,M
877,Roderich,Hesse,herrmannsina@aol.de,hannah02,20,12,2022,M
878,Univ.Prof.,Karl-Heinz Oderwald,finkeildiko@web.de,carolinaweimer,25,11,1975,M
879,Linda,Wade DDS,fjacobs@gmail.com,wfarrell,25,1,1937,F
880,Laetitia,du Maurice,therese56@orange.fr,marie38,3,12,1935,F
881,Hedy,Briemer,magdalenabriemer@yahoo.de,hans-martin59,2,3,1939,F
882,Tere,Clavero Nuñez,fausto87@yahoo.com,bibianasalva,10,3,1979,F
883,高橋,裕樹,ikedahanako@hotmail.com,hiroshiikeda,20,9,1929,M
884,Eligia,Asensio Espejo,flosada@gmail.com,fcal,8,9,1960,F
885,Nico,Jordá Balaguer,ybello@gmail.com,aurelio77,3,11,1935,M
886,Darren,Salazar,richard41@hotmail.com,pford,29,6,2013,M
887,福田,京助,wyamada@hotmail.com,nnakagawa,27,4,2008,M
888,山本,里佳,katomikako@gmail.com,tanakaharuka,10,8,1974,F
889,Mathilde,Perrin-Poirier,marechalelisabeth@voila.fr,caroline90,31,7,1992,F
890,Victor,de Maréchal,michelleetienne@laposte.net,ifournier,21,12,2004,M
891,Dora,Menendez,cuetoarcelia@gmail.com,sabaterguadalupe,3,3,2007,F
892,田中,浩,sayuri99@gmail.com,xkimura,13,10,2003,M
893,Priscilla,Andrews,frogers@gmail.com,jessejohnson,31,12,1973,F
894,Nazario,Piñol Alba,tamayoarmida@hotmail.com,lasenjo,7,3,2023,M
895,Valérie,De Oliveira de la Texier,emmanuelle76@yahoo.fr,benoit15,29,8,1928,F
896,Albert,Ibarra,thompsonandrea@yahoo.com,zacharysandoval,5,3,1917,M
897,佐藤,健一,minoru54@gmail.com,yumiko43,1,7,1916,M
898,Leopoldo,Segura Duarte,gracielaadadia@yahoo.com,gabrielaabascal,29,12,1990,M
899,Greta,Bonbach,jschmidt@gmx.de,ihoffmann,15,9,1952,F
900,Charles,Ramos,odommichael@hotmail.com,michael09,13,12,2021,M
901,Joséphine,Leconte,pasquierjean@yahoo.fr,augustinbaron,30,10,1936,F
902,David,Lamb,ashleythomas@yahoo.com,mhenry,24,8,1959,M
903,Benigna,Rocamora Salmerón,tiburciomilla@gmail.com,expositodanilo,8,4,1942,F
904,Franz-Peter,Stiebitz-Mans,rosemannludger@yahoo.de,qschacht,8,1,1969,M
905,三浦,桃子,takahashichiyo@yahoo.com,mituruhashimoto,5,9,1988,F
906,Dipl.-Ing.,Käte Jäkel,haasehatice@hotmail.de,froehlichkunibert,25,2,2019,F
907,Änne,Söding,roberto03@web.de,dzimmer,1,4,2007,F
908,Maya,Dörschner,ohellwig@hotmail.de,gustiebert,17,11,1955,F
909,Calixto,Octavio Llopis Carrera,marcianominguez@yahoo.com,concepciongallego,23,4,2022,M
910,Uschi,Sauer,aheinrich@hotmail.de,tony67,25,2,2012,F
911,Rémy,Andre,hamoncatherine@sfr.fr,guillaumeandre,23,8,1956,M
912,Kathy,Baird,masonwarren@yahoo.com,popecynthia,18,11,1968,F
913,Débora,del Mármol,lagunaleon@hotmail.com,blanesmamen,17,10,1938,F
914,Folkert,Pechel-Ebert,nrust@aol.de,sloechel,6,1,1953,M
915,福田,香織,kyosuke32@yahoo.com,xsakamoto,5,11,1936,F
916,Denny,Klingelhöfer,jozefnoack@web.de,doertheroemer,10,12,2020,M
917,Lalo,Sacristán Nevado,usarabia@hotmail.com,danpol,11,11,2011,M
918,Pedro,de Cantón,purificacionmarin@gmail.com,fausto75,26,10,1959,M
919,Benjamin,Blair,kyleyoung@hotmail.com,darylwhitaker,1,12,2022,M
920,Vincent,Moulin,ramosmaggie@ifrance.com,guillaumenicolas,13,12,2010,M
921,佐々木,直人,manabu38@gmail.com,ryohei46,3,9,1949,M
922,Eveline,Löchel,awulff@gmx.de,lutzbolnbach,7,1,2024,F
923,Ing.,Olaf Zirme B.Sc.,antoniettagerlach@googlemail.com,dgeissler,26,11,1955,M
924,Marie,Verdier,imbertanne@orange.fr,paulettele-gall,20,8,1920,F
925,鈴木,零,abeyoichi@yahoo.com,ehasegawa,31,12,1961,M
926,Margaret,Rocher,georgescamus@wanadoo.fr,didierlucas,19,4,1938,F
927,Herwig,Klotz,rohtmirja@web.de,maelzerhans-dieter,18,7,1993,M
928,Anke,Stadelmann,iris10@yahoo.de,hulda19,20,1,1911,F
929,Dorothee,Karz-Reinhardt,ngeisel@yahoo.de,rustmoritz,19,9,1911,F
930,Univ.Prof.,Bruni Söding MBA.,misichermuzaffer@googlemail.com,wiltrudscholz,1,5,2004,F
931,Encarnita,Samper Calleja,ani28@gmail.com,julian68,8,9,1965,F
932,Ada,Ziegert,willfriedkitzmann@gmail.com,jobstbudig,24,9,2004,M
933,Dean,Hill,qfernandez@gmail.com,austinatkinson,24,4,1927,M
934,藤田,七夏,oyamamoto@hotmail.com,fujiikyosuke,9,6,1923,F
935,Philippe,Millet de la Martinez,fischerlucas@hotmail.fr,celine78,30,12,2000,M
936,Augustin,Gaillard,mendescecile@ifrance.com,julien95,9,8,1955,M
937,Capucine,Vallet,balves@sfr.fr,rdelmas,18,12,2011,F
938,Nuria,Nereida Camps Dávila,barcelowilfredo@gmail.com,rmoya,1,12,1983,F
939,Benjamin,Weiss,hortenseferrand@live.com,william05,25,7,2025,M
940,田中,太郎,takahashikana@hotmail.com,takahashihideki,29,7,1950,M
941,Margareta,Ladeck,paula83@gmx.de,franco21,29,11,1921,F
942,Sabina,Gil Téllez,ruriarte@gmail.com,wmur,7,12,1934,F
943,渡辺,真綾,sayuri84@yahoo.com,ishikawamaaya,17,3,1996,F
944,Margaretha,Lange,martinboris@gmail.com,qhaase,19,5,1958,F
945,Sigurd,Gunpf,eigenwillignadja@googlemail.com,natascha16,1,7,2016,M
946,Michèle-Amélie,Henry,legrandalain@tele2.fr,rogerarnaude,24,1,1948,F
947,中村,晃,yuiabe@yahoo.com,watanabeyosuke,9,7,1954,M
948,Sara,Carmona,cayetana95@gmail.com,reyna26,11,3,2020,F
949,Prof.,Ruthild Pergande,pschmidtke@gmail.com,helge51,20,1,2024,F
950,Noël,Bodin,emile74@club-internet.fr,dlaroche,14,6,1932,M
951,Nicholas,Smith,danielperez@hotmail.com,riveramegan,23,5,2010,M
952,Frederike,Döhn,dursunlangern@yahoo.de,hoffmannhans-juergen,15,6,1937,F
953,María,Fernanda Sanz Garriga,jose69@gmail.com,bferrera,16,1,1920,F
954,Hannes,Barkholz,tlindner@gmail.com,junitzdaniel,12,6,1913,M
955,Audrey,Mercier,cohenchristophe@dbmail.com,constancemartineau,9,9,1924,F
956,Calixta,de Perez,pguzman@hotmail.com,apoloniaserrano,14,1,1975,F
957,Isabell,Weitzel,thedahethur@hotmail.de,ansgar06,16,1,1977,F
958,Selena,Ibañez Palacios,morenoadrian@gmail.com,baezamacario,26,9,1995,F
959,Inès,Vincent,agathe57@free.fr,louis76,17,5,1960,F
960,Capucine,Le Traore,henriette20@club-internet.fr,julesmace,26,8,1916,F
961,林,晃,asuka15@gmail.com,ogawarika,18,6,2015,M
962,Annett,Döhn,huldamude@web.de,geislerpeter,5,9,2016,F
963,近藤,真綾,osamu15@hotmail.com,shotakobayashi,24,1,1945,F
964,Paul,Bryant,jeremycrawford@gmail.com,jlittle,15,10,1934,M
965,Zacharie-Tristan,Brun,rogeralain@orange.fr,noel54,7,1,1922,M
966,鈴木,健一,hiroshiyamamoto@yahoo.com,ryosuke32,20,11,1986,M
967,Eugène,Vasseur,thierry00@tele2.fr,bertrandmartins,10,11,2000,M
968,Débora,Echevarría Cisneros,arroyoregina@hotmail.com,jmayol,17,11,2021,F
969,Emmanuelle,Le Goff de la Delahaye,juliewagner@noos.fr,emmanuel10,7,11,1921,F
970,遠藤,千代,matsumotoyuki@gmail.com,hayashitakuma,7,1,2010,F
971,斉藤,修平,kokada@hotmail.com,hiroshi78,29,4,1992,M
972,Sandro,Adolph,aumanngunter@gmail.com,nermin12,9,9,2016,M
973,Nancy,Smith,crawfordmark@hotmail.com,lopezmichele,22,11,1989,F
974,Reina,Caro Gomila,lvillanueva@hotmail.com,hmoll,26,7,1998,F
975,Simone,Léger,joubertpaulette@live.com,frederiqueolivier,11,8,1960,F
976,山本,千代,harukahashimoto@hotmail.com,khasegawa,4,2,2011,F
977,Esteban,Benitez Gilabert,graciagervasio@yahoo.com,maria-josemanso,1,1,1920,M
978,Julia,Clay,fisheraaron@yahoo.com,matthew95,5,5,2006,F
979,Marc,Hubert,ucharpentier@club-internet.fr,plebreton,24,2,2007,M
980,Aimé,Rousset,omace@tele2.fr,virginielecoq,13,3,1992,M
981,Yves,Deschamps,sklein@tele2.fr,susan69,27,8,2013,M
982,David,Schneider,millerkristin@gmail.com,caitlinyoung,10,9,1986,M
983,Laure,Costa-Hernandez,leon14@bouygtel.fr,julien58,18,3,1951,F
984,Georges,Diallo,qgermain@tele2.fr,isaactoussaint,23,1,2018,M
985,Michelle,Chevalier,valleemichele@wanadoo.fr,philippine50,16,3,1966,F
986,Isaura,Elvira Cano Vera,anacletofuentes@hotmail.com,manoloamo,1,2,1984,F
987,Laura,Fernandez,robin27@hotmail.com,ambersalinas,20,4,1955,F
988,Teo,Contreras-Daza,valenciaemelina@hotmail.com,ramonamuro,28,11,1913,M
989,Univ.Prof.,Janna Hettner B.Sc.,hugoadler@web.de,jacobi-jaeckelfranka,17,7,2005,F
990,Stephanie,Reese,bonillagary@hotmail.com,jwhite,2,6,1933,F
991,Adélaïde,Mace,alexandriechretien@ifrance.com,maillotnathalie,7,10,1996,F
992,Aimé,Roche,helenethibault@free.fr,charlotte89,3,11,2016,M
993,Paca,Jaume Osuna,lcastaneda@hotmail.com,xtirado,29,10,1942,F
994,William,Nunez,ncruz@yahoo.com,churchlisa,24,10,1937,M
995,小林,裕樹,wsaito@yahoo.com,qito,3,7,2016,M
996,Gregory,Cole,william92@gmail.com,jamesperez,11,3,2002,M
997,Douglas,Woods,ehenry@gmail.com,clarkcurtis,10,12,1994,M
998,Eugene,Moyer,joshuaandrews@hotmail.com,shelby87,14,5,1966,M
999,Maggie,Grégoire,marcel79@ifrance.com,eleonore98,8,5,1932,F
1000,佐藤,陽一,kazuyainoue@hotmail.com,takahashitakuma,17,5,2003,M
